Strain;Subspecies;Abbreviation;Year;Country;Area;Host;Ref;TgsGP;SRA;WHO
940;T. equiperdum;TeqO;2008;ET;Arsi-Bale;horse;Hagos;0.0;0.0;
280104;T. evansi;Tev;X;X;X;X;X;0.0;0.0;
104AT;T.b. gambiense;Tbg;2008;RDC;Mbuji-Mayi;human;Pyana;1.0;0.0;
104BT;T.b. gambiense;Tbg;2008;RDC;Mbuji-Mayi;human;Pyana;1.0;0.0;
105BT;T.b. gambiense;Tbg;2008;RDC;Mbuji-Mayi;human;Pyana;1.0;0.0;
108AT;T.b. gambiense;Tbg;2007;RDC;Mbuji-Mayi;human;Pyana;1.0;0.0;
108BT;T.b. gambiense;Tbg;2007;RDC;Mbuji-Mayi;human;Pyana;1.0;0.0;
113AT;T.b. gambiense;Tbg;2008;RDC;Mbuji-Mayi;human;Pyana;1.0;0.0;
113BT;T.b. gambiense;Tbg;2008;RDC;Mbuji-Mayi;human;Pyana;1.0;0.0;
13_97D;T.b. gambiense;Tbg;1997;EG;Mbini;human;Simo/Balmer;;;
130BT;T.b. gambiense;Tbg;X;RDC;Mbuji-Mayi;human;Pyana;1.0;0.0;
14_97D;T.b. gambiense;Tbg;1997;EG;Mbini;human;Simo/Balmer;;;
141BT;T.b. gambiense;Tbg;2008;RDC;Mbuji-Mayi;human;Pyana;1.0;0.0;
146AT;T.b. gambiense;Tbg;2006;RDC;Mbuji-Mayi;human;Pyana;1.0;0.0;
146BT;T.b. gambiense;Tbg;2005;RDC;Mbuji-Mayi;human;Pyana;1.0;0.0;
148AT;T.b. gambiense;Tbg;2006;RDC;Mbuji-Mayi;human;Pyana;1.0;0.0;
148BT;T.b. gambiense;Tbg;2005;RDC;Mbuji-Mayi;human;Pyana;1.0;0.0;
15_97D;T.b. gambiense;Tbg;1997;EG;Mbini;human;Simo/Balmer;;;
15BT-relapse;T.b. gambiense;Tbg;X;RDC;Mbuji-Mayi;human;Pyana;1.0;0.0;
163AT;T.b. gambiense;Tbg;2006;RDC;Mbuji-Mayi;human;Pyana;1.0;0.0;
163AT-relapse;T.b. gambiense;Tbg;;RDC;Mbuji-Mayi;human;Pyana;1.0;0.0;
167AT;T.b. gambiense;Tbg;;RDC;Mbuji-Mayi;human;Pyana;1.0;0.0;
167BT;T.b. gambiense;Tbg;;RDC;Mbuji-Mayi;human;Pyana;1.0;0.0;
174AT;T.b. gambiense;Tbg;2007;RDC;Mbuji-Mayi;human;Pyana;1.0;0.0;
174BT;T.b. gambiense;Tbg;2008;RDC;Mbuji-Mayi;human;Pyana;1.0;0.0;
19BT;T.b. gambiense;Tbg;;RDC;Mbuji-Mayi;human;Pyana;1.0;0.0;
223AT;T.b. gambiense;Tbg;;RDC;Mbuji-Mayi;human;Pyana;1.0;0.0;
29BT;T.b. gambiense;Tbg;2008;RDC;Mbuji-Mayi;human;Pyana;1.0;0.0;
340AT;T.b. gambiense;Tbg;;RDC;Mbuji-Mayi;human;Pyana;1.0;0.0;
346AT-relapse;T.b. gambiense;Tbg;;RDC;Mbuji-Mayi;human;Pyana;1.0;0.0;
346BT;T.b. gambiense;Tbg;2007;RDC;Mbuji-Mayi;human;Pyana;1.0;0.0;
348BT;T.b. gambiense;Tbg;2006;RDC;Mbuji-Mayi;human;Pyana;1.0;0.0;
349BT;T.b. gambiense;Tbg;;RDC;Mbuji-Mayi;human;Pyana;1.0;0.0;
378BT;T.b. gambiense;Tbg;2007;RDC;Mbuji-Mayi;human;Pyana;1.0;0.0;
40AT;T.b. gambiense;Tbg;;RDC;Mbuji-Mayi;human;Pyana;1.0;0.0;
40BT;T.b. gambiense;Tbg;;RDC;Mbuji-Mayi;human;Pyana;1.0;0.0;
45BT;T.b. gambiense;Tbg;;RDC;Mbuji-Mayi;human;Pyana;1.0;0.0;
48BT;T.b. gambiense;Tbg;;RDC;Mbuji-Mayi;human;Pyana;1.0;0.0;
57AT;T.b. gambiense;Tbg;2007;RDC;Mbuji-Mayi;human;Pyana;1.0;0.0;
85BT;T.b. gambiense;Tbg;;RDC;Mbuji-Mayi;human;Pyana;1.0;0.0;
93AT;T.b. gambiense;Tbg;2006;RDC;Mbuji-Mayi;human;Pyana;1.0;0.0;
95BT;T.b. gambiense;Tbg;2008;RDC;Mbuji-Mayi;human;Pyana;1.0;0.0;
A005;T.b. gambiense;Tbg;1989;CM;Fontem;human;Simo/Balmer;;;
ABBA;T.b. gambiense II;Tbg2;1983;CI;Daloa;human;Hide;0.0;0.0;MHOM/CI/83/DAL 626
AGAL-CI-78-TCH312;T.b. brucei;Tbb;1978;CI;X;chicken;Geerts;0.0;0.0;
AGAL-CI-78-TCH312-bis;T.b. brucei;Tbb;1978;CI;X;chicken;Geerts;0.0;0.0;
Alfort;T. evansi;Tev;X;X;X;X;X;0.0;0.0;
ALJO;T.b. gambiense;Tbg;1975;RDC;X;human;Sistrom/Geerts;1.0;0.0;
AMBOU;T.b. gambiense;Tbg;1980;CG;X;human;Geerts;1.0;0.0;
American-Strain;T. evansi;Tev;X;X;X;X;X;0.0;0.0;
AnTar-2;T.b. brucei;Tbb;1970;NG;X;tsetse;Hide;0.0;0.0;GMOS/NG/70/NITR 40/12
AnTar-30;T.b. brucei;Tbb;X;CI;X;X;ITM;0.0;0.0;X
AnTar-7;T. evansi;Tev;X;X;X;X;ITM;;;X
AnTat-1-1;T.b. brucei;Tbb;1966;UG;Mavubwe (Busoga);bushbuck;Pandavoine/Hide;0.0;0.0;MTRG/UG/66/EATRO 1125
AnTat-11-17;T.b. gambiense;Tbg;1974;RDC;Kinshasa;human ;Pandavoine;1.0;0.0;Kinkole/74/ITMAP/1811
AnTat-1-1E;T.b. brucei;Tbb;1966;UG;Mavubwe (Busoga);bushbuck;Pandavoine/Hide;0.0;0.0;MTRG/UG/66/EATRO 1125
AnTat-12-1S;T.b. rhodesiense;Tbr;1971;RW;Akagera;human;Pandavoine;0.0;1.0;ANTWERP/71/ITMAP/396
AnTat-17-1;T.b. brucei;Tbb;1978;RDC;Kimalaya;sheep;Pandavoine;0.0;0.0;KIMAYALA/78/IMTK/16819
AnTat-21-1;T.b. gambiense;Tbg;1974;CG;Makoua;human;Pandavoine;;;MAKOUA/74/ITMAP/1800
AnTat-25-1S;T.b. rhodesiense;Tbr;1971;RW;Akagera;human;Pandavoine;0.0;1.0;ANTWERP/71/ITMAP/403
AnTat-25-1S-bis;T.b. rhodesiense;Tbr;1971;RW;Akagera;human;Pandavoine;0.0;1.0;ANTWERP/71/ITMAP/403
AnTat-3-1;T. evansi;Tev;1969;SA;X;capybara;Pandavoine;0.0;0.0;ANTWERP/69/ITMAV/91269
AnTat-3-3;T. evansi;Tev;1969;SA;X;capybara;Pandavoine;0.0;0.0;ANTWERP/69/ITMAV/91269
AnTat-34-1-P10;T.b. brucei;Tbb;1979;RDC;Kimalaya;sheep;Pandavoine/ITM;0.0;0.0;KIMAYALA/79/IMTK/18067
AnTat-4-1;T. evansi;Tev;X;X;X;X;X;0.0;0.0;
AnTat-4-1-bis;T. evansi;Tev;X;X;X;X;X;0.0;0.0;
AnTat-5-2;T.b. brucei;Tbb;1975;GAM;X;bovine;Geerts/ITM;0.0;0.0;
AnTat-9-1;T.b. gambiense;Tbg;X;CM;Mbam;human;Pandavoine/ITM;1.0;0.0;BAFIA/ /ITMAP/1788
ATCC30019;T. evansi;Tev;X;X;X;X;X;0.0;0.0;
ATCC-30019;T. evansi;Tev;X;X;X;X;X;0.0;0.0;
ATCC-30023;T. evansi;Tev;X;X;X;X;X;0.0;0.0;
Bage;T.b. gambiense;Tbg;1995;RDC;X;human;X;1.0;0.0;
BAT1;T.b. gambiense;Tbg;1999;CAR;Batangafo;human;Manon;;;MHOM/RCA/99/BAT1
BAT31;T.b. gambiense;Tbg;1999;CAR;Batangafo;human;Balmer;;;MHOM/RCA/99/BAT31
BAT33;T.b. gambiense;Tbg;1999;CAR;Batangafo;human;Manon;;;MHOM/RCA/99/BAT33
BAT35;T.b. gambiense;Tbg;1999;CAR;Batangafo;human;Simo;;;
BIM-AnTat-8-1-P8;T.b. gambiense;Tbg;1976;CM;X;human;ITM;1.0;0.0;MHOM/CM/76/OCEAC
BIP20;T.b. gambiense;Tbg;1999;CM;Bipindi;human;Manon;;;
BIP24;T.b. gambiense;Tbg;1999;CM;Bipindi;human;Simo;;;MHOM/CM/99/BIP24
BIP28;T.b. gambiense;Tbg;1999;CM;Bipindi;human;Simo;;;
BIP33;T.b. gambiense;Tbg;1999;CM;Bipindi;human;Simo;;;
BIP42;T.b. gambiense;Tbg;1999;CM;Bipindi;human;Balmer;;;
Bosendja;T.b. gambiense;Tbg;1972;RDC;Equateur;human;Geerts, Truc;1.0;0.0;MHOM/ZR/72/KIN001
BoTat-1-1;T. equiperdum;TeqB;1924;MAR;X;horse;Claes;0.0;0.0;
BoTat-1-1-bis;T. equiperdum;TeqB;1924;MAR;X;horse;Claes;0.0;0.0;
BRAZAVILLE-BB;T.b. gambiense;Tbg;1973;CG;X;human;Manon;1.0;0.0;
C3359;T.b. gambiense;Tbg;1998;CM;Campo;human;Balmer;;;MHOM/CG/73/BB
C3392;T.b. gambiense;Tbg;1998;CM;Campo;human;Cuny;;;
Canadian-Strain;T. evansi;Tev;X;X;X;horse;X;0.0;0.0;
Colombia;T. evansi;Tev;1973;COL;X;horse;Manon;0.0;0.0;EQH/CO/73/E9-CL2
CP81;T. congolense;Tc;1966;KE;X;bovine;Kaminsky 1999;;;
D12K-ITMAP1857;T.b. gambiense;Tbg;1980;CG;Couloir;sheep;Truc;1.0;0.0;
Demba;T.b. gambiense;Tbg;1989;CG;Bouenza;human;Simo/Balmer;;;
Doume1;T.b. gambiense;Tbg;2000;CM;Doume;human;Balmer;;;
E28;T. equiperdum;TeqB;1977;I;X;horse;Manon;;;
Etat-1-2R;T.b. rhodesiense;Tbr;1960;UG;Busoga;tsetse;Van Xong;0.0;1.0;TREU164
F33;T.b. gambiense;Tbg;X;X;X;human;X;;;
F39;T.b. gambiense;Tbg;X;X;X;human;X;;;
F39UG;T.b. gambiense;Tbg;1999;UG;Omougou;human ;Simo;;;
F41;T.b. gambiense;Tbg;X;X;X;human;X;;;
F42;T.b. gambiense;Tbg;X;X;X;human;X;;;
FEO;T.b. gambiense II;Tbg2;1961;TO;Pagouda;human;Jamonneau;0.0;0.0;ANTAR 27
FEO-AnTat-16-1;T.b. gambiense II;Tbg2;1961;TO;Pagouda;human;Jamonneau;0.0;0.0;ANTAR 16
Feo-AnTat-16-1-bis;T.b. gambiense II;Tbg2;1961;TO;Pagouda;human;Jamonneau;0.0;0.0;ANTAR 16
Frala;T.b. gambiense;Tbg;1980;CI;Duekoue;human;ThesisULB;;;AnTAR 29
GMOM-ZM-83-TRPZ-317;T.b. brucei;Tbb;1983;ZAM;Luangwa;tsetse;Balmer;0.0;0.0;
GMOM-ZM-83-TRPZ323;T.b. brucei;Tbb;1983;ZAM;Luangwa;tsetse;Balmer;0.0;0.0;
GPAL-ZM-80-TRPZ13;T.b. brucei;Tbb;1980;ZAM;Kakumbi;tsetse;X;0.0;0.0;
GPAL-ZM-83TRPZ265;T.b. brucei;Tbb;1983;ZAM;Kakumbi;tsetse;Manon;0.0;0.0;
GPAL-ZM-83-TRPZ320;T.b. brucei;Tbb;1983;ZAM;Kakumbi;tsetse;;0.0;0.0;
GPAP-CI-82-KP10-29;T.b. brucei;Tbb;1982;CI;Kouassi Perita;tsetse;Manon;0.0;0.0;
GPAP-CI-82-KP10-29-bis;T.b. brucei;Tbb;1982;CI;Kouassi Perita;tsetse;Manon;0.0;0.0;
GTAC-ET-70-GAMBELA4;T.b. brucei;Tbb;1970;ET;Gambela;tsetse;Manon;;;
GUIWI-BOBO80-MURAZ18;T.b. gambiense;Tbg;1980;BF;Bobo-Dioulasso;man;Manon;1.0;0.0;MHOM/BF/80/MURAZ18
HAMBURG;T. evansi;Tev;X;X;X;X;X;0.0;0.0;
IL3905;T. vivax;Tv;X;KE;X;cattle;Rebsiki;0.0;0.0;
INRB-2009-56A-15BT;T.b. gambiense;Tbg;2009;RDC;Mbuji-Mayi;human;Pyana;1.0;0.0;
ITM001;T.b. rhodesiense;Tbr;2015;UG;X;human;ITM;0.0;1.0;
ITMAP1892;T.b. brucei;Tbb;1979;CI;Vavoua;pig;ULB;;;TBD s: VAV0UA/79/MURAZ/-(ITMAP 1892)
J10;T.b. brucei;Tbb;1973;ZAM;Luangwa;hyena;Balmer;0.0;0.0;
Jua;T.b. gambiense;Tbg;1979;CM;Fontem;human;ULB;0.0;1.0;MHOM/CM/79/JUA
Kazakstan;T. evansi;Tev;X;KAZ;X;X;X;0.0;0.0;
Kenya;T. evansi;Tev;1980;KE;X;camel;X;0.0;0.0;MCAM/KE/80/KETRI2480
Kenya-a;T. evansi;Tev;1980;KE;X;camel;X;0.0;0.0;MCAM/KE/80/KETRI2480
Kenya-c;T. evansi;Tev;1980;KE;X;camel;X;0.0;0.0;MCAM/KE/80/KETRI2480
KIN-1;T.b. gambiense;Tbg;1972;RDC;Equateur;human;Geerts, Truc;1.0;0.0;MHOM/ZR/72/KIN001
KISOU-BOBO-80-MURAZ15;T.b. gambiense;Tbg;1980;BF;Bobo-Dioulasso;human;Geerts;1.0;0.0;1980
KOLO;T.b. gambiense;Tbg;1975;RDC;Bas-Zaire;pig;ULB;1.0;0.0;KOLO/75/ITMAP/1865
KOUAM-DALOA;T.b. gambiense;Tbg;1979;CI;Haouguhe;human;Manon;;;MHOM/CI/79/MURAZ5
Leontio;T.b. gambiense;Tbg;1997;EG;Kogo;human;Simo;;;
LIGO;T.b. gambiense II;Tbg2;1984;CI;X;human;Manon;0.0;0.0;MHOM/CI/84/DAL655
Lister-427;T.b. brucei;Tbb;1960;UG;;;;0.0;0.0;
Lister-427-AT1-KO;T.b. brucei;Tbb;X;X;X;X;X;;;
LiTat-1-3;T.b. gambiense;Tbg;1952;CI;X;human;ULB;1.0;0.0;
LiTat-1-5-P9;T.b. gambiense;Tbg;1952;CI;X;human;ULB;1.0;0.0;
LIZZARD;T.b. brucei;Tbb;1996;KE;X;lizard;X;;;
LOGRA;T.b. gambiense;Tbg;1968;RDC;X;human;;1.0;0.0;MHOM/ZR/68/ITMAP1832
LOKO;T.b. gambiense;Tbg;1973;RDC;X;human;;0.0;0.0;MHOM/ZR/73/ITMAP1831
LOKO-BIIT;T.b. gambiense;Tbg;1973;RDC;X;human;;0.0;0.0;MHOM/ZR/73/ITMAP1831
LOKO-BIIT-P2;T.b. gambiense;Tbg;1973;RDC;X;human;;0.0;0.0;MHOM/ZR/73/ITMAP1831
LOPEZ;T.b. rhodesiense;Tbr;1971;RW;Akagera;human;ULB;0.0;1.0;AnTat 12
MA;T.b. gambiense;Tbg;1974;CG;Mossaka;human;ULB;1.0;0.0;MA: MOSSAKA/74/7-
MALC-BF-80-AB14;T.b. brucei;Tbb;1980;BF;X;hartebeest;Manon;;;
MALC-BF-80-AB25;T.b. brucei;Tbb;1980;BF;X;hartebeest;Manon;;;
MBA;T.b. gambiense;Tbg;1974;RDC;Kinkole;human;ULB;1.0;0.0;
Mbadi;T.b. gambiense;Tbg;1998;CAR;Obo;human;Simo/Balmer;;;
MBOI-ZM-82-TRPZ260;T.b. rhodesiense;Tbr;1982;ZAM;Kakumbi;cattle;Manon;1.0;0.0;MBOI/ZM/82/TRPZ260
MBO-NG-74-R10;T.b. brucei;Tbb;1974;NG;X;cattle;Manon;0.0;0.0;MBO?/NG/74/R10
MBO-NG-74-R10-bis;T.b. brucei;Tbb;1974;NG;X;cattle;Manon;0.0;0.0;MBO?/NG/74/R10
MBOT-CI-78-TC348;T.b. brucei;Tbb;1978;CI;X;cattle;Manon;0.0;0.0;
MBOT-GM-77-GB2;T.b. brucei;Tbb;1977;ET;Gambela;cattle;Manon;0.0;0.0;
MCAM-ET-2013-MU-01;T. evansi;Tev;2013;ET;Tigray;camel;Birhanu;0.0;0.0;
MCAM-ET-2013-MU-02;T. evansi;Tev;2013;ET;Tigray;camel;Birhanu;0.0;0.0;
MCAM-ET-2013-MU-04;T. evansi;Tev;2013;ET;Tigray;camel;Birhanu;0.0;0.0;
MCAM-ET-2013-MU-05;T. evansi;Tev;2013;ET;Tigray;camel;Birhanu;0.0;0.0;
MCAM-ET-2013-MU-09;T. evansi;Tev;2013;ET;Tigray;camel;Birhanu;0.0;0.0;
MCAM-ET-2013-MU-14;T. evansi B;TevB;2013;ET;Tigray;camel;Birhanu;0.0;0.0;
MCAM-ET-2013-MU-17;T. evansi;Tev;2013;ET;Tigray;camel;Birhanu;0.0;0.0;
MCAP-CI-91-BALEA-2;T.b. brucei;Tbb;1991;CI;X;goat;Manon;0.0;0.0;
MCAP-ZM-83-TRPZ267;T.b. rhodesiense;Tbr;1983;ZAM;;goat;Manon;1.0;0.0;
Merzouga-56;T. evansi;Tev;1997;MAR;Merzougha;camel;Manon;0.0;0.0;
MHOM-CI-78-DALOA69;T.b. gambiense;Tbg;1978;CI;X;human;Manon;0.0;1.0;
MHOM-CI-78-DALOA72-cloneA;T.b. gambiense;Tbg;1978;CI;X;human;Manon;0.0;1.0;
MHOM-CI-78-TH1-037;T.b. gambiense II;Tbg2;1978;CI;X;human;Manon;0.0;0.0;
MHOM-CI-78-TH113;T.b. gambiense II;Tbg2;1978;CI;X;human;Balmer;;;
MHOM-CI-78-TH2;T.b. gambiense II;Tbg2;1978;CI;X;human;Balmer;;;
MHOM-CI-79-DALOA74;T.b. gambiense;Tbg;1979;CI;X;human;Manon;0.0;1.0;
MHOM-CI-79-MURAZ3;T.b. gambiense II;Tbg2;1979;CI;Koetinga;human;Manon;0.0;0.0;
MHOM-CI-91-SIQUE1623;T.b. gambiense;Tbg;1991;CI;X;human;Manon;0.0;1.0;
MHOM-CI-TH162;T.b. gambiense II;Tbg2;1978;CI;Sientinfla;human;Manon;0.0;0.0;
MHOM-ET-67-GAMBELA1;T.b. rhodesiense;Tbr;1967;ET;Gambela;human;Manon;1.0;0.0;
MHOM-ET-69-GAMBELA3;T.b. rhodesiense;Tbr;1969;ET;Gambela;human;Manon;1.0;0.0;
MHOM-KE-81-LVH122;T.b. rhodesiense;Tbr;1981;KE;Lambwe;human;Manon;1.0;0.0;
MHOM-KE-82-LVH61R;T.b. rhodesiense;Tbr;1982;KE;Lambwe;human;Manon;1.0;0.0;
MHOM-KE-82-LVH61R-bis;T.b. rhodesiense;Tbr;1982;KE;Lambwe;human;Manon;1.0;0.0;
MHOM-SD-82-BIYAMINA;T.b. rhodesiense;Tbr;1982;SD;Yambio;human;Manon;1.0;0.0;
MHOM-SD-82-BIYAMINA-bis;T.b. rhodesiense;Tbr;1982;SD;Yambio;human;Manon;1.0;0.0;
MHOM-SD-82-MUSIKIA-cloneA;T.b. gambiense;Tbg;1982;SD;Nzara;human;Manon;0.0;1.0;
MHOM-SD-82-SUZENA;T.b. gambiense;Tbg;1982;SD;Yambio;human;Manon;0.0;1.0;
MHOM-UG-77-KETRI-2355;T.b. rhodesiense;Tbr;1977;UG;;human;Manon;1.0;0.0;
MHOM-ZM-80-TRPZ-23;T.b. rhodesiense;Tbr;1980;ZAM;;human;Manon;1.0;0.0;
MHOM-ZM-82-TRPZ186;T.b. rhodesiense;Tbr;1982;ZAM;;human;Manon;1.0;0.0;
MHOM-ZM-83-TRPZ-349;T.b. rhodesiense;Tbr;1983;ZAM;;human;Manon;1.0;0.0;
MHOM-ZR-71-C126;T.b. gambiense;Tbg;1971;RDC;;human;Manon;0.0;1.0;
Mibene;T.b. gambiense;Tbg;1997;CM;Campo;human;Simo;;;
MKOD-BF-80-KD3;T.b. brucei;Tbb;1980;BF;X;waterbuck;;;;
MKOK-BF-80-KK1;T.b. brucei;Tbb;1980;BF;X;kob;;;;
MKOK-BF-80-KK25;T.b. brucei;Tbb;1980;BF;X;kob;;;;
MKOK-BF-80-KK7;T.b. brucei;Tbb;1980;BF;X;kob;;;;
MKOK-BF-90-KK17;T.b. brucei;Tbb;1980;BF;X;kob;;;;
MOERBEKE-103;T.b. gambiense;Tbg;1970;RDC;Kwilu-Ngongo;human;ULB;0.0;1.0;
MOERBEKE-82;T.b. gambiense;Tbg;1970;RDC;Kwilu-Ngongo;human;ULB;0.0;1.0;
Mongo;T.b. gambiense;Tbg;X;RDC;X;human;X;0.0;1.0;
MOS-bis;T.b. gambiense;Tbg;X;CM;Mbam;human;ULB;0.0;1.0;
Moyox2;T.b. gambiense;Tbg;1999;UG;Moyo;human;Simo;0.0;1.0;
MSUS-CI-78-TSW129-cloneA;T.b. brucei;Tbb;1978;CI;Koudougou-Carrefour;pig;Manon;0.0;0.0;
MSUS-CI-78-TSW129-cloneC;T.b. brucei;Tbb;1978;CI;Koudougou-Carrefour;pig;Manon;0.0;0.0;
MSUS-CI-78-TSW-157;T.b. brucei;Tbb;1978;CI;Koetinga;pig;Manon;0.0;0.0;
MSUS-CI-78-TSW168;T.b. brucei;Tbb;1978;CI;Degbezere;pig;Manon;0.0;0.0;
MSUS-CI-78-TSW176;T.b. brucei;Tbb;1978;CI;X;pig;Manon;0.0;0.0;
MSUS-CI-78-TSW178;T.b. brucei;Tbb;1978;CI;Degbezere;pig;Manon;0.0;0.0;
MSUS-CI-78-TSW185-bis;T.b. brucei;Tbb;1978;CI;Degbezere;pig;Manon;0.0;0.0;
MSUS-CI-78-TSW185-cloneA;T.b. brucei;Tbb;1978;CI;Degbezere;pig;Manon;0.0;0.0;
MSUS-CI-78-TSW185-cloneC;T.b. brucei;Tbb;1978;CI;Degbezere;pig;Manon;0.0;0.0;
MSUS-CI-78-TSW187-bis;T.b. brucei;Tbb;1978;CI;Koetinga;pig;Manon;0.0;0.0;
MSUS-CI-78-TSW190;T.b. brucei;Tbb;1978;CI;Degbezere;pig;Manon;0.0;0.0;
MSUS-CI-78-TSW38-021;T.b. brucei;Tbb;1978;CI;Sientinfla;pig;Manon;0.0;0.0;
MSUS-CI-78-TSW382;T.b. brucei;Tbb;1978;CI;Kouassi-Perita;pig;Manon;0.0;0.0;
MSUS-CI-78-TSW382-bis;T.b. brucei;Tbb;1978;CI;Kouassi-Perita;pig;Manon;0.0;0.0;
MSUS-CI-78-TSW390;T.b. brucei;Tbb;1978;CI;Kouassi-Perita;pig;Manon;0.0;0.0;
MSUS-CI-78-TSW390-bis;T.b. brucei;Tbb;1978;CI;Kouassi-Perita;pig;Manon;0.0;0.0;
MSUS-CI-82-TSW125-KP1-cloneB;T.b. gambiense;Tbg;1982;CI;Kouassi-Perita;pig;Manon;0.0;1.0;
MSUS-CI-82-TSW171;T.b. brucei;Tbb;1982;CI;Degbezere;pig;Manon;;;
MSUS-CI-82-TSW23;T.b. brucei;Tbb;1982;CI;Kouassi-Perita;pig;Manon;;;
MSUS-CI-82-TSW26;T.b. brucei;Tbb;1982;CI;Kouassi-Perita;pig;Manon;;;
MSUS-CI-82-TSW31-BO1;T.b. brucei;Tbb;1982;CI;Bohinou;pig;Manon;;;
MSUS-CI-82-TSW31-KP1;T.b. brucei;Tbb;1982;CI;Kouassi-Perita;pig;Manon;;;
MSUS-CI-82-TSW32-B01;T.b. brucei;Tbb;1982;CI;Bohinou;pig;Manon;;;
MSUS-CI-82-TSW35;T.b. brucei;Tbb;1982;CI;Kouassi-Perita;pig;Manon;;;
MSUS-CI-82-TSW36;T.b. brucei;Tbb;1982;CI;Kouassi-Perita;pig;Manon;;;
MSUS-CI-82-TSW38-B01;T.b. brucei;Tbb;1982;CI;Bohinou;pig;Manon;;;
MSUS-CI-82-TSW46;T.b. brucei;Tbb;1982;CI;Kouassi-Perita;pig;Manon;;;
MSUS-CI-82-TSW53;T.b. brucei;Tbb;1982;CI;Kouassi-Perita;pig;Manon;;;
MSUS-CI-82-TSW62;T.b. brucei;Tbb;1982;CI;Kouassi-Perita;pig;Manon;;;
MSUS-CI-82-TSW62-bis;T.b. brucei;Tbb;1982;CI;Kouassi-Perita;pig;Manon;;;
MSUS-CI-82-TSW65-KP1-bis;T.b. brucei;Tbb;1982;CI;Kouassi-Perita;pig;Manon;;;
MSUS-CI-82-TSW65-KP1-exbiit;T.b. brucei;Tbb;1982;CI;Kouassi-Perita;pig;Manon;;;
MSUS-CI-82-TSW75;T.b. brucei;Tbb;1982;CI;Kouassi-Perita;pig;Manon;;;
MSUS-CI-82-TSW8;T.b. brucei;Tbb;1982;CI;Kouassi-Perita;pig;Manon;;;
MSUS-CI-82-TSW84;T.b. brucei;Tbb;1982;CI;Kouassi-Perita;pig;Manon;;;
MSUS-CI-82-TSW95;T.b. brucei;Tbb;1982;CI;Kouassi-Perita;pig;Manon;;;
MSUS-CI-83-TSW-11;T.b. brucei;Tbb;1983;CI;Bohinou;pig;Manon;;;
MSUS-CI-83-TSW12;T.b. brucei;Tbb;1983;CI;Bohinou;pig;Manon;;;
MSUS-CI-85-PTAG-130;T.b. brucei;Tbb;1985;CI;X;pig;Manon;;;
MSUS-NG-62-B8-18-cloneB;T.b. brucei;Tbb;1962;NG;Nsukka;pig;Manon;;;
MTRG-BF-80-TS2;T.b. brucei;Tbb;1980;BF;X;bushbuck;;;;
Muraz3;T.b. gambiense II;Tbg2;1979;CI;;human ;Simo;;;MH0M/CI/79/Muraz 3
Nabe;T.b. gambiense;Tbg;1995;RDC;;human;;;;MHOM/ZR/95/ITMAP2566
NDMI;T.b. gambiense;Tbg;1980;CG;Ngabe;human;X;1.0;0.0;
NKOUA;T.b. gambiense;Tbg;1980;CG;Ngabe;human;X;1.0;0.0;
NTUMA;T.b. gambiense;Tbg;1977;RDC;Lebu;human;ULB;;;"NTUMA; LEBL777/ITMAP/1800"
OUSOU;T.b. gambiense;Tbg;1982;CI;Daloa;human;Manon;1.0;0.0;
OVI;T. equiperdum;TeqO;X;KSA;X;horse;Manon;0.0;0.0;
P16F;T.b. brucei;Tbb;1999;CM;Fontem;pig;X;;;MSUS/CM/99/P16
P26F;T.b. gambiense;Tbg;1999;CM;Fontem;pig;Balmer;;;MSUS/CM/99/P26
P8F;T.b. brucei;Tbb;1999;CM;Fontem;pig;Balmer;;;
Pakwa;T.b. gambiense;Tbg;1995;RDC;X;human;X;1.0;0.0;
PEYA;T.b. gambiense;Tbg;1980;CG;Ngabe;human;Manon;1.0;0.0;
Philippines;T. evansi;Tev;1996;PH;X;water buffalo;Manon;0.0;0.0;
R47;T.b. gambiense;Tbg;1998;UG;Moyo;human;Manon;;;
ROUPO-VAVOUA--80-MURAZ-14;T.b. gambiense;Tbg;1980;CI;X;human;Manon;1.0;0.0;
Rumphi;T.b. rhodesiense;Tbr;2007;MAL;Rumphi;human;Manon;0.0;1.0;
Seka;T.b. gambiense;Tbg;1995;RDC;X;human;Manon;1.0;0.0;
SitaBip1;T.b. brucei;Tbb;X;CM;Bipindi;X;Manon;;;
SN54-TREU96;T. equiperdum;TeqB;X;X;X;X;Manon;;;
STIB-816;T. evansi;Tev;1978;CH;X;camel;Manon;0.0;0.0;
STIB818;T. evansi;Tev;1979;CH;X;horse;Manon;0.0;0.0;
STIB847;T.b. rhodesiense;Tbr;1990;UG;X;human;Manon;0.0;1.0;
STIB-851;T.b. rhodesiense;Tbr;1990;UG;X;human;Manon;0.0;1.0;
STIB882;T.b. rhodesiense;Tbr;1993;UG;X;human;Manon;0.0;1.0;
STIB883;T.b. rhodesiense;Tbr;1994;UG;X;human;Manon;0.0;1.0;
SVP;T. evansi;Tev;X;X;X;X;Manon;0.0;0.0;
Te-Ap-N-D1;T. equiperdum;TeqO;1991;VEN;X;horse;Manon;0.0;0.0;
Te-Ap-N-D1-bis;T. equiperdum;TeqO;1991;VEN;X;horse;Manon;0.0;0.0;
TRPZ26;T.b. rhodesiense;Tbr;X;ZAM;X;human;Manon;0.0;1.0;
UTAT-1-1;T.b. rhodesiense;Tbr;1977;UG;X;human;Manon;;;
Y58;T. vivax;Tv;X;NG;X;X;Manon;0.0;0.0;
YAOUNDE;T.b. brucei;Tbb;X;X;X;X;Manon;;;
Zagora-I-17;T. evansi;Tev;1997;MAR;Zagora;camel;Manon;0.0;0.0;
